transaction_id,timestamp,customer_id,product_name,category,quantity,unit_price,total,payment_method,status
TXN-0001,2025-01-01T01:50:21,CUST-1063,Phone Case,electronics,2,24.99,49.98,credit_card,completed
TXN-0002,2025-01-01T02:02:41,CUST-1198,Desk Lamp,home,1,44.99,44.99,credit_card,completed
TXN-0003,2025-01-01T02:14:43,CUST-1148,Desk Lamp,home,3,44.99,134.97,crypto,completed
TXN-0004,2025-01-01T03:56:16,CUST-1046,Desk Lamp,home,3,44.99,134.97,credit_card,completed
TXN-0005,2025-01-01T05:47:59,CUST-1086,Novel Bestseller,books,3,14.99,44.97,paypal,completed
TXN-0006,2025-01-01T06:59:12,CUST-1190,USB-C Cable,electronics,2,12.99,25.98,crypto,completed
TXN-0007,2025-01-01T09:18:13,CUST-1111,Novel Bestseller,books,1,14.99,14.99,paypal,completed
TXN-0008,2025-01-01T09:28:23,CUST-1195,Yoga Mat,sports,1,34.99,34.99,credit_card,completed
TXN-0009,2025-01-01T11:19:11,CUST-1055,Water Bottle,sports,3,19.99,59.97,debit_card,completed
TXN-0010,2025-01-01T11:50:04,CUST-1089,Running Shoes,sports,2,89.99,179.98,paypal,completed
TXN-0011,2025-01-01T20:32:36,CUST-1062,Coffee Maker,home,1,69.99,69.99,credit_card,completed
TXN-0012,2025-01-01T21:24:54,CUST-1189,Coffee Maker,home,1,69.99,69.99,credit_card,completed
TXN-0013,2025-01-02T01:08:45,CUST-1086,Novel Bestseller,books,1,14.99,14.99,credit_card,completed
TXN-0014,2025-01-02T01:35:18,CUST-1179,Phone Case,electronics,2,24.99,49.98,crypto,completed
TXN-0015,2025-01-02T02:41:36,CUST-1060,Denim Jeans,clothing,2,59.99,119.98,credit_card,completed
TXN-0016,2025-01-02T04:09:51,CUST-1145,Yoga Mat,sports,1,34.99,34.99,credit_card,completed
TXN-0017,2025-01-02T05:14:51,CUST-1133,Wireless Headphones,electronics,3,79.99,239.97,credit_card,completed
TXN-0018,2025-01-02T06:53:26,CUST-1100,Programming Guide,books,2,39.99,79.98,paypal,completed
TXN-0019,2025-01-02T07:31:24,CUST-1029,Running Shoes,sports,1,89.99,89.99,debit_card,completed
TXN-0020,2025-01-02T09:31:07,CUST-1025,Running Shoes,sports,2,89.99,179.98,credit_card,completed
TXN-0021,2025-01-02T09:58:53,CUST-1121,Coffee Maker,home,2,69.99,139.98,crypto,completed
TXN-0022,2025-01-02T13:01:29,CUST-1020,Cookbook,books,1,24.99,24.99,credit_card,completed
TXN-0023,2025-01-02T15:54:25,CUST-1110,Throw Pillow,home,1,22.99,22.99,paypal,completed
TXN-0024,2025-01-02T18:41:43,CUST-1166,Cotton T-Shirt,clothing,3,29.99,89.97,credit_card,refunded
TXN-0025,2025-01-02T18:55:14,CUST-1190,Phone Case,electronics,1,24.99,24.99,debit_card,completed
TXN-0026,2025-01-02T19:04:15,CUST-1162,Throw Pillow,home,3,22.99,68.97,credit_card,completed
TXN-0027,2025-01-02T21:57:33,CUST-1058,Throw Pillow,home,1,22.99,22.99,credit_card,completed
TXN-0028,2025-01-03T01:10:50,CUST-1079,Desk Lamp,home,2,44.99,89.98,debit_card,completed
TXN-0029,2025-01-03T02:20:38,CUST-1038,USB-C Cable,electronics,1,12.99,12.99,debit_card,completed
TXN-0030,2025-01-03T07:10:26,CUST-1125,Winter Jacket,clothing,1,129.99,129.99,credit_card,completed
TXN-0031,2025-01-03T07:55:06,CUST-1098,Yoga Mat,sports,1,34.99,34.99,credit_card,completed
TXN-0032,2025-01-03T08:09:24,CUST-1183,Novel Bestseller,books,2,14.99,29.98,paypal,completed
TXN-0033,2025-01-03T08:28:42,CUST-1109,Winter Jacket,clothing,2,129.99,259.98,credit_card,completed
TXN-0034,2025-01-03T09:32:42,CUST-1163,Desk Lamp,home,1,44.99,44.99,crypto,completed
TXN-0035,2025-01-03T09:35:24,CUST-1165,Novel Bestseller,books,1,14.99,14.99,credit_card,completed
TXN-0036,2025-01-03T10:38:49,CUST-1158,Desk Lamp,home,1,44.99,44.99,crypto,completed
TXN-0037,2025-01-03T11:14:01,CUST-1082,Programming Guide,books,1,39.99,39.99,paypal,completed
TXN-0038,2025-01-03T14:51:55,CUST-1141,USB-C Cable,electronics,1,12.99,12.99,debit_card,completed
TXN-0039,2025-01-03T14:54:23,CUST-1024,Denim Jeans,clothing,2,59.99,119.98,credit_card,completed
TXN-0040,2025-01-03T16:15:17,CUST-1172,Winter Jacket,clothing,1,129.99,129.99,credit_card,completed
TXN-0041,2025-01-03T20:50:56,CUST-1197,USB-C Cable,electronics,1,12.99,12.99,crypto,completed
TXN-0042,2025-01-03T21:59:17,CUST-1140,Desk Lamp,home,2,44.99,89.98,credit_card,completed
TXN-0043,2025-01-03T23:29:40,CUST-1171,Coffee Maker,home,1,69.99,69.99,credit_card,completed
TXN-0044,2025-01-04T01:14:13,CUST-1178,Programming Guide,books,1,39.99,39.99,credit_card,completed
TXN-0045,2025-01-04T06:29:44,CUST-1066,Novel Bestseller,books,1,14.99,14.99,debit_card,completed
TXN-0046,2025-01-04T08:46:23,CUST-1196,Cotton T-Shirt,clothing,1,29.99,29.99,credit_card,completed
TXN-0047,2025-01-04T09:15:03,CUST-1062,Programming Guide,books,1,39.99,39.99,credit_card,completed
TXN-0048,2025-01-04T10:18:29,CUST-1165,Denim Jeans,clothing,1,59.99,59.99,credit_card,completed
TXN-0049,2025-01-04T11:27:26,CUST-1120,Cookbook,books,2,24.99,49.98,paypal,completed
TXN-0050,2025-01-04T11:40:57,CUST-1118,Coffee Maker,home,1,69.99,69.99,credit_card,completed
TXN-0051,2025-01-04T11:51:08,CUST-1143,Wireless Headphones,electronics,1,79.99,79.99,debit_card,completed
TXN-0052,2025-01-04T14:06:33,CUST-1117,Wireless Headphones,electronics,2,79.99,159.98,credit_card,completed
TXN-0053,2025-01-04T14:42:33,CUST-1144,Desk Lamp,home,1,44.99,44.99,crypto,completed
TXN-0054,2025-01-04T15:28:49,CUST-1093,Denim Jeans,clothing,1,59.99,59.99,credit_card,completed
TXN-0055,2025-01-04T17:48:17,CUST-1197,Throw Pillow,home,1,22.99,22.99,credit_card,completed
TXN-0056,2025-01-05T00:05:47,CUST-1136,Running Shoes,sports,1,89.99,89.99,credit_card,completed
TXN-0057,2025-01-05T07:53:00,CUST-1194,Wireless Headphones,electronics,3,79.99,239.97,credit_card,completed
TXN-0058,2025-01-05T08:46:56,CUST-1031,Novel Bestseller,books,2,14.99,29.98,credit_card,completed
TXN-0059,2025-01-05T11:23:28,CUST-1196,USB-C Cable,electronics,1,12.99,12.99,debit_card,completed
TXN-0060,2025-01-05T14:11:57,CUST-1183,Winter Jacket,clothing,3,129.99,389.97,paypal,refunded
TXN-0061,2025-01-06T02:38:04,CUST-1173,Cookbook,books,1,24.99,24.99,credit_card,completed
TXN-0062,2025-01-06T08:33:55,CUST-1156,Cotton T-Shirt,clothing,3,29.99,89.97,debit_card,completed
TXN-0063,2025-01-06T12:00:24,CUST-1068,Programming Guide,books,2,39.99,79.98,credit_card,completed
TXN-0064,2025-01-06T13:41:59,CUST-1122,Winter Jacket,clothing,2,129.99,259.98,crypto,refunded
TXN-0065,2025-01-06T13:56:53,CUST-1046,Programming Guide,books,3,39.99,119.97,credit_card,completed
TXN-0066,2025-01-06T14:26:30,CUST-1119,Running Shoes,sports,1,89.99,89.99,credit_card,completed
TXN-0067,2025-01-06T14:53:34,CUST-1181,Yoga Mat,sports,2,34.99,69.98,paypal,completed
TXN-0068,2025-01-06T15:22:33,CUST-1133,Novel Bestseller,books,2,14.99,29.98,credit_card,completed
TXN-0069,2025-01-06T19:54:40,CUST-1104,Cookbook,books,1,24.99,24.99,credit_card,completed
TXN-0070,2025-01-06T22:06:24,CUST-1010,Cookbook,books,1,24.99,24.99,credit_card,completed
TXN-0071,2025-01-06T23:55:59,CUST-1075,Programming Guide,books,1,39.99,39.99,credit_card,completed
TXN-0072,2025-01-07T02:57:06,CUST-1036,Novel Bestseller,books,1,14.99,14.99,paypal,completed
TXN-0073,2025-01-07T05:31:32,CUST-1120,Winter Jacket,clothing,2,129.99,259.98,debit_card,completed
TXN-0074,2025-01-07T05:38:09,CUST-1195,Novel Bestseller,books,2,14.99,29.98,credit_card,refunded
TXN-0075,2025-01-07T06:17:48,CUST-1181,Novel Bestseller,books,2,14.99,29.98,debit_card,completed
TXN-0076,2025-01-07T08:42:05,CUST-1041,Running Shoes,sports,1,89.99,89.99,credit_card,completed
TXN-0077,2025-01-07T09:36:50,CUST-1078,Coffee Maker,home,2,69.99,139.98,credit_card,completed
TXN-0078,2025-01-07T12:54:30,CUST-1028,Running Shoes,sports,1,89.99,89.99,credit_card,completed
TXN-0079,2025-01-07T13:32:49,CUST-1157,Programming Guide,books,1,39.99,39.99,paypal,completed
TXN-0080,2025-01-07T16:16:08,CUST-1090,Programming Guide,books,1,39.99,39.99,credit_card,completed
TXN-0081,2025-01-07T17:28:08,CUST-1109,Phone Case,electronics,1,24.99,24.99,credit_card,completed
TXN-0082,2025-01-07T18:09:48,CUST-1183,Cookbook,books,1,24.99,24.99,credit_card,completed
TXN-0083,2025-01-07T18:34:09,CUST-1043,Water Bottle,sports,2,19.99,39.98,credit_card,completed
TXN-0084,2025-01-07T19:32:47,CUST-1035,Cookbook,books,1,24.99,24.99,crypto,completed
TXN-0085,2025-01-07T21:15:42,CUST-1027,Water Bottle,sports,2,19.99,39.98,credit_card,refunded
TXN-0086,2025-01-07T21:40:54,CUST-1068,Denim Jeans,clothing,1,59.99,59.99,credit_card,completed
TXN-0087,2025-01-07T22:37:31,CUST-1024,Programming Guide,books,1,39.99,39.99,credit_card,completed
TXN-0088,2025-01-08T00:04:45,CUST-1162,Wireless Headphones,electronics,1,79.99,79.99,credit_card,completed
TXN-0089,2025-01-08T01:15:05,CUST-1112,USB-C Cable,electronics,1,12.99,12.99,debit_card,completed
TXN-0090,2025-01-08T03:22:54,CUST-1143,Water Bottle,sports,1,19.99,19.99,credit_card,completed
TXN-0091,2025-01-08T05:29:24,CUST-1070,Throw Pillow,home,2,22.99,45.98,credit_card,completed
TXN-0092,2025-01-08T05:51:44,CUST-1133,Winter Jacket,clothing,1,129.99,129.99,credit_card,completed
TXN-0093,2025-01-08T09:21:10,CUST-1097,Programming Guide,books,1,3.99,3.99,credit_card,completed
TXN-0094,2025-01-08T09:54:45,CUST-1037,Novel Bestseller,books,1,14.99,14.99,credit_card,completed
TXN-0095,2025-01-08T10:38:20,CUST-1157,Programming Guide,books,1,3.99,3.99,debit_card,completed
TXN-0096,2025-01-08T10:49:10,CUST-1020,Denim Jeans,clothing,2,59.99,119.98,debit_card,completed
TXN-0097,2025-01-08T13:31:03,CUST-1037,Coffee Maker,home,1,69.99,69.99,credit_card,completed
TXN-0098,2025-01-08T13:37:25,CUST-1135,USB-C Cable,electronics,1,12.99,12.99,credit_card,completed
TXN-0099,2025-01-08T13:38:39,CUST-1124,Programming Guide,books,2,3.99,7.98,credit_card,completed
TXN-0100,2025-01-08T13:40:50,CUST-1160,Winter Jacket,clothing,1,129.99,129.99,debit_card,completed
TXN-0101,2025-01-08T14:28:46,CUST-1108,Programming Guide,books,3,3.99,11.97,credit_card,completed
TXN-0102,2025-01-08T14:48:17,CUST-1085,Yoga Mat,sports,1,34.99,34.99,debit_card,completed
TXN-0103,2025-01-08T15:01:23,CUST-1142,Desk Lamp,home,1,44.99,44.99,debit_card,completed
TXN-0104,2025-01-08T15:01:39,CUST-1144,Water Bottle,sports,3,19.99,59.97,credit_card,completed
TXN-0105,2025-01-08T16:43:28,CUST-1003,Wireless Headphones,electronics,2,79.99,159.98,credit_card,refunded
TXN-0106,2025-01-08T19:51:22,CUST-1057,Throw Pillow,home,1,22.99,22.99,credit_card,completed
TXN-0107,2025-01-08T21:45:42,CUST-1164,Programming Guide,books,2,3.99,7.98,credit_card,completed
TXN-0108,2025-01-08T22:10:19,CUST-1142,Wireless Headphones,electronics,1,79.99,79.99,credit_card,completed
TXN-0109,2025-01-08T22:14:19,CUST-1176,Cookbook,books,2,24.99,49.98,paypal,refunded
TXN-0110,2025-01-08T22:38:45,CUST-1053,Cotton T-Shirt,clothing,3,29.99,89.97,debit_card,completed
TXN-0111,2025-01-09T02:49:17,CUST-1090,Throw Pillow,home,1,22.99,22.99,paypal,refunded
TXN-0112,2025-01-09T05:16:58,CUST-1124,Novel Bestseller,books,1,14.99,14.99,credit_card,completed
TXN-0113,2025-01-09T05:37:27,CUST-1163,Cookbook,books,1,24.99,24.99,credit_card,completed
TXN-0114,2025-01-09T06:42:45,CUST-1081,Running Shoes,sports,1,89.99,89.99,credit_card,completed
TXN-0115,2025-01-09T07:34:18,CUST-1044,Novel Bestseller,books,1,14.99,14.99,crypto,completed
TXN-0116,2025-01-09T09:17:31,CUST-1038,USB-C Cable,electronics,1,12.99,12.99,credit_card,completed
TXN-0117,2025-01-09T09:20:07,CUST-1002,Winter Jacket,clothing,2,129.99,259.98,credit_card,completed
TXN-0118,2025-01-09T10:28:04,CUST-1009,Programming Guide,books,1,3.99,3.99,credit_card,completed
TXN-0119,2025-01-09T10:46:00,CUST-1180,Programming Guide,books,3,3.99,11.97,credit_card,completed
TXN-0120,2025-01-09T11:17:50,CUST-1102,USB-C Cable,electronics,1,12.99,12.99,credit_card,completed
TXN-0121,2025-01-09T13:31:01,CUST-1100,Water Bottle,sports,2,19.99,39.98,credit_card,completed
TXN-0122,2025-01-09T15:02:05,CUST-1015,Programming Guide,books,1,3.99,3.99,credit_card,completed
TXN-0123,2025-01-09T15:07:52,CUST-1017,Cotton T-Shirt,clothing,1,29.99,29.99,debit_card,completed
TXN-0124,2025-01-09T16:04:16,CUST-1183,Desk Lamp,home,2,44.99,89.98,debit_card,completed
TXN-0125,2025-01-09T17:18:01,CUST-1129,Cookbook,books,2,24.99,49.98,credit_card,completed
TXN-0126,2025-01-09T17:54:51,CUST-1100,Programming Guide,books,1,3.99,3.99,credit_card,completed
TXN-0127,2025-01-09T18:02:48,CUST-1194,Phone Case,electronics,1,24.99,24.99,paypal,completed
TXN-0128,2025-01-09T19:44:56,CUST-1071,Denim Jeans,clothing,1,59.99,59.99,credit_card,completed
TXN-0129,2025-01-09T20:07:54,CUST-1135,Programming Guide,books,3,3.99,11.97,credit_card,completed
TXN-0130,2025-01-09T20:08:44,CUST-1034,Running Shoes,sports,1,89.99,89.99,credit_card,completed
TXN-0131,2025-01-09T21:00:57,CUST-1120,Yoga Mat,sports,2,34.99,69.98,credit_card,completed
TXN-0132,2025-01-09T22:28:13,CUST-1157,Yoga Mat,sports,2,34.99,69.98,debit_card,completed
TXN-0133,2025-01-09T22:51:54,CUST-1083,Programming Guide,books,1,3.99,3.99,credit_card,completed
TXN-0134,2025-01-09T22:59:43,CUST-1166,USB-C Cable,electronics,2,12.99,25.98,credit_card,completed
TXN-0135,2025-01-10T01:14:25,CUST-1154,Wireless Headphones,electronics,1,79.99,79.99,credit_card,completed
TXN-0136,2025-01-10T02:32:58,CUST-1053,Novel Bestseller,books,1,14.99,14.99,credit_card,completed
TXN-0137,2025-01-10T03:32:49,CUST-1139,Cookbook,books,2,24.99,49.98,debit_card,completed
TXN-0138,2025-01-10T03:53:12,CUST-1076,Running Shoes,sports,1,89.99,89.99,credit_card,completed
TXN-0139,2025-01-10T07:19:49,CUST-1074,Coffee Maker,home,1,69.99,69.99,paypal,completed
TXN-0140,2025-01-10T07:51:12,CUST-1038,Wireless Headphones,electronics,1,79.99,79.99,debit_card,completed
TXN-0141,2025-01-10T08:14:07,CUST-1185,Running Shoes,sports,1,89.99,89.99,crypto,completed
TXN-0142,2025-01-10T11:15:44,CUST-1018,Programming Guide,books,1,3.99,3.99,credit_card,completed
TXN-0143,2025-01-10T11:42:37,CUST-1045,Programming Guide,books,1,3.99,3.99,paypal,completed
TXN-0144,2025-01-10T11:55:49,CUST-1013,Cookbook,books,2,24.99,49.98,credit_card,completed
TXN-0145,2025-01-10T12:29:34,CUST-1167,Water Bottle,sports,1,19.99,19.99,credit_card,completed
TXN-0146,2025-01-10T14:02:37,CUST-1094,Coffee Maker,home,1,69.99,69.99,credit_card,completed
TXN-0147,2025-01-10T14:20:59,CUST-1193,USB-C Cable,electronics,1,12.99,12.99,debit_card,refunded
TXN-0148,2025-01-10T14:56:44,CUST-1125,USB-C Cable,electronics,1,12.99,12.99,paypal,completed
TXN-0149,2025-01-10T15:15:51,CUST-1176,Cotton T-Shirt,clothing,1,29.99,29.99,credit_card,completed
TXN-0150,2025-01-10T16:25:52,CUST-1140,Winter Jacket,clothing,1,129.99,129.99,crypto,completed
TXN-0151,2025-01-10T17:36:09,CUST-1145,Programming Guide,books,3,3.99,11.97,debit_card,completed
TXN-0152,2025-01-10T18:21:32,CUST-1131,Denim Jeans,clothing,1,59.99,59.99,debit_card,completed
TXN-0153,2025-01-10T18:27:19,CUST-1146,Desk Lamp,home,1,44.99,44.99,paypal,completed
TXN-0154,2025-01-10T19:19:22,CUST-1027,Desk Lamp,home,1,44.99,44.99,credit_card,completed
TXN-0155,2025-01-10T20:47:44,CUST-1092,Programming Guide,books,3,3.99,11.97,credit_card,completed
TXN-0156,2025-01-10T21:25:52,CUST-1195,Denim Jeans,clothing,1,59.99,59.99,credit_card,completed
TXN-0157,2025-01-11T07:07:01,CUST-1189,Phone Case,electronics,1,24.99,24.99,credit_card,completed
TXN-0158,2025-01-11T08:21:58,CUST-1158,Programming Guide,books,1,3.99,3.99,credit_card,completed
TXN-0159,2025-01-11T10:21:47,CUST-1020,Programming Guide,books,1,3.99,3.99,credit_card,completed
TXN-0160,2025-01-11T11:09:43,CUST-1122,USB-C Cable,electronics,1,12.99,12.99,credit_card,completed
TXN-0161,2025-01-11T13:34:24,CUST-1026,Programming Guide,books,2,3.99,7.98,debit_card,completed
TXN-0162,2025-01-11T14:58:34,CUST-1088,Denim Jeans,clothing,1,59.99,59.99,crypto,completed
TXN-0163,2025-01-11T17:06:21,CUST-1078,Programming Guide,books,1,3.99,3.99,credit_card,completed
TXN-0164,2025-01-11T17:24:29,CUST-1083,Cookbook,books,1,24.99,24.99,paypal,completed
TXN-0165,2025-01-11T18:38:05,CUST-1014,Phone Case,electronics,1,24.99,24.99,debit_card,completed
TXN-0166,2025-01-11T19:08:38,CUST-1097,Phone Case,electronics,1,24.99,24.99,paypal,completed
TXN-0167,2025-01-11T20:40:31,CUST-1167,Programming Guide,books,1,3.99,3.99,paypal,refunded
TXN-0168,2025-01-11T21:51:10,CUST-1190,Running Shoes,sports,1,89.99,89.99,debit_card,completed
TXN-0169,2025-01-11T22:04:35,CUST-1139,Yoga Mat,sports,2,34.99,69.98,credit_card,completed
TXN-0170,2025-01-12T01:48:46,CUST-1113,Denim Jeans,clothing,1,59.99,59.99,credit_card,completed
TXN-0171,2025-01-12T04:27:08,CUST-1011,Yoga Mat,sports,1,34.99,34.99,credit_card,completed
TXN-0172,2025-01-12T12:47:28,CUST-1099,Water Bottle,sports,3,19.99,59.97,debit_card,completed
TXN-0173,2025-01-12T14:46:44,CUST-1116,Water Bottle,sports,1,19.99,19.99,credit_card,completed
TXN-0174,2025-01-12T16:17:51,CUST-1022,Coffee Maker,home,1,69.99,69.99,credit_card,completed
TXN-0175,2025-01-12T16:22:27,CUST-1191,Denim Jeans,clothing,1,59.99,59.99,paypal,completed
TXN-0176,2025-01-12T17:49:59,CUST-1136,Programming Guide,books,1,39.99,39.99,credit_card,completed
TXN-0177,2025-01-12T19:11:52,CUST-1173,Coffee Maker,home,2,69.99,139.98,debit_card,completed
TXN-0178,2025-01-12T19:34:10,CUST-1083,Coffee Maker,home,1,69.99,69.99,debit_card,completed
TXN-0179,2025-01-12T20:10:03,CUST-1102,Throw Pillow,home,1,22.99,22.99,paypal,completed
TXN-0180,2025-01-12T21:23:04,CUST-1130,Throw Pillow,home,1,22.99,22.99,credit_card,completed
TXN-0181,2025-01-12T23:44:34,CUST-1108,Desk Lamp,home,2,44.99,89.98,credit_card,completed
TXN-0182,2025-01-13T00:47:39,CUST-1051,Winter Jacket,clothing,1,129.99,129.99,credit_card,completed
TXN-0183,2025-01-13T06:27:52,CUST-1055,Winter Jacket,clothing,1,129.99,129.99,credit_card,completed
TXN-0184,2025-01-13T07:54:49,CUST-1106,Wireless Headphones,electronics,1,79.99,79.99,debit_card,completed
TXN-0185,2025-01-13T08:12:07,CUST-1117,USB-C Cable,electronics,2,12.99,25.98,paypal,completed
TXN-0186,2025-01-13T08:52:00,CUST-1191,Running Shoes,sports,1,89.99,89.99,credit_card,completed
TXN-0187,2025-01-13T09:16:46,CUST-1169,Programming Guide,books,2,39.99,79.98,credit_card,completed
TXN-0188,2025-01-13T10:13:29,CUST-1084,Water Bottle,sports,2,19.99,39.98,credit_card,completed
TXN-0189,2025-01-13T12:52:22,CUST-1198,Novel Bestseller,books,1,14.99,14.99,credit_card,completed
TXN-0190,2025-01-13T16:28:48,CUST-1141,Yoga Mat,sports,2,34.99,69.98,debit_card,completed
TXN-0191,2025-01-13T19:29:33,CUST-1065,Denim Jeans,clothing,2,59.99,119.98,credit_card,completed
TXN-0192,2025-01-13T21:38:38,CUST-1011,Cookbook,books,1,24.99,24.99,crypto,completed
TXN-0193,2025-01-13T21:47:57,CUST-1045,Desk Lamp,home,1,44.99,44.99,credit_card,completed
TXN-0194,2025-01-14T00:14:34,CUST-1089,Throw Pillow,home,2,22.99,45.98,credit_card,refunded
TXN-0195,2025-01-14T03:00:06,CUST-1067,Running Shoes,sports,1,89.99,89.99,debit_card,completed
TXN-0196,2025-01-14T03:48:40,CUST-1181,Cookbook,books,1,24.99,24.99,credit_card,completed
TXN-0197,2025-01-14T05:12:08,CUST-1139,Programming Guide,books,3,39.99,119.97,debit_card,completed
TXN-0198,2025-01-14T05:42:42,CUST-1022,Denim Jeans,clothing,3,59.99,179.97,credit_card,refunded
TXN-0199,2025-01-14T08:02:00,CUST-1086,Novel Bestseller,books,1,14.99,14.99,credit_card,completed
TXN-0200,2025-01-14T09:17:03,CUST-1143,Desk Lamp,home,2,44.99,89.98,credit_card,completed
TXN-0201,2025-01-14T10:20:42,CUST-1027,Cookbook,books,1,24.99,24.99,credit_card,completed
TXN-0202,2025-01-14T10:25:44,CUST-1076,Denim Jeans,clothing,1,59.99,59.99,credit_card,completed
TXN-0203,2025-01-14T10:59:50,CUST-1130,Yoga Mat,sports,2,34.99,69.98,credit_card,completed
TXN-0204,2025-01-14T13:09:19,CUST-1097,Phone Case,electronics,2,24.99,49.98,debit_card,completed
TXN-0205,2025-01-14T14:44:38,CUST-1121,Yoga Mat,sports,1,34.99,34.99,credit_card,completed
TXN-0206,2025-01-14T14:56:14,CUST-1106,Water Bottle,sports,2,19.99,39.98,credit_card,completed
TXN-0207,2025-01-14T17:31:03,CUST-1089,Throw Pillow,home,2,22.99,45.98,debit_card,completed
TXN-0208,2025-01-14T18:04:08,CUST-1082,Throw Pillow,home,1,22.99,22.99,credit_card,completed
TXN-0209,2025-01-14T19:40:01,CUST-1128,Programming Guide,books,2,39.99,79.98,credit_card,completed
TXN-0210,2025-01-14T20:05:45,CUST-1025,Wireless Headphones,electronics,1,79.99,79.99,credit_card,completed
TXN-0211,2025-01-14T20:36:12,CUST-1184,Coffee Maker,home,1,69.99,69.99,credit_card,completed
TXN-0212,2025-01-14T22:08:30,CUST-1019,Running Shoes,sports,1,89.99,89.99,paypal,completed
TXN-0213,2025-01-14T22:25:05,CUST-1164,Denim Jeans,clothing,1,59.99,59.99,credit_card,completed
TXN-0214,2025-01-14T23:20:17,CUST-1020,Desk Lamp,home,1,44.99,44.99,debit_card,completed
TXN-0215,2025-01-15T00:05:18,CUST-1057,Cotton T-Shirt,clothing,2,29.99,59.98,credit_card,completed
TXN-0216,2025-01-15T00:46:56,CUST-1185,Yoga Mat,sports,3,34.99,104.97,crypto,completed
TXN-0217,2025-01-15T01:03:23,CUST-1074,USB-C Cable,electronics,2,12.99,25.98,credit_card,completed
TXN-0218,2025-01-15T01:18:12,CUST-1012,Novel Bestseller,books,1,14.99,14.99,credit_card,completed
TXN-0219,2025-01-15T02:09:48,CUST-1058,Cookbook,books,2,24.99,49.98,paypal,refunded
TXN-0220,2025-01-15T02:17:24,CUST-9003,Cotton T-Shirt,clothing,1,29.99,500.0,crypto,completed
TXN-0221,2025-01-15T03:08:19,CUST-1002,Cotton T-Shirt,clothing,1,29.99,29.99,debit_card,completed
TXN-0222,2025-01-15T03:15:14,CUST-1017,Water Bottle,sports,1,19.99,19.99,debit_card,completed
TXN-0223,2025-01-15T03:17:28,CUST-1064,Phone Case,electronics,1,24.99,24.99,credit_card,completed
TXN-0224,2025-01-15T03:29:44,CUST-1078,Coffee Maker,home,1,69.99,69.99,credit_card,completed
TXN-0225,2025-01-15T05:59:36,CUST-9007,Cookbook,books,3,24.99,200.0,crypto,completed
TXN-0226,2025-01-15T07:54:23,CUST-1026,Throw Pillow,home,1,22.99,22.99,paypal,completed
TXN-0227,2025-01-15T08:03:51,CUST-9008,Denim Jeans,clothing,2,59.99,500.0,crypto,completed
TXN-0228,2025-01-15T08:12:51,CUST-1029,Water Bottle,sports,1,19.99,19.99,credit_card,completed
TXN-0229,2025-01-15T11:19:52,CUST-1059,Running Shoes,sports,1,89.99,89.99,credit_card,completed
TXN-0230,2025-01-15T14:43:13,CUST-1131,Winter Jacket,clothing,2,129.99,259.98,paypal,completed
TXN-0231,2025-01-15T15:10:05,CUST-1145,Wireless Headphones,electronics,2,79.99,159.98,credit_card,completed
TXN-0232,2025-01-15T16:09:53,CUST-1112,USB-C Cable,electronics,3,12.99,38.97,credit_card,completed
TXN-0233,2025-01-15T16:33:39,CUST-1041,Water Bottle,sports,1,19.99,19.99,credit_card,completed
TXN-0234,2025-01-15T17:07:59,CUST-1097,USB-C Cable,electronics,1,12.99,12.99,paypal,completed
TXN-0235,2025-01-15T17:35:32,CUST-1105,USB-C Cable,electronics,1,12.99,12.99,credit_card,completed
TXN-0236,2025-01-15T17:45:27,CUST-1144,Wireless Headphones,electronics,1,79.99,79.99,paypal,completed
TXN-0237,2025-01-15T19:00:57,CUST-1021,Wireless Headphones,electronics,1,79.99,79.99,credit_card,completed
TXN-0238,2025-01-15T19:45:27,CUST-1043,Coffee Maker,home,1,69.99,69.99,credit_card,completed
TXN-0239,2025-01-16T00:25:54,CUST-9008,Denim Jeans,clothing,3,59.99,500.0,crypto,completed
TXN-0240,2025-01-16T02:23:16,CUST-1064,Coffee Maker,home,2,69.99,139.98,debit_card,completed
TXN-0241,2025-01-16T02:48:34,CUST-1197,Phone Case,electronics,1,24.99,24.99,debit_card,completed
TXN-0242,2025-01-16T02:57:54,CUST-9006,USB-C Cable,electronics,1,12.99,200.0,crypto,completed
TXN-0243,2025-01-16T03:29:06,CUST-9003,USB-C Cable,electronics,1,12.99,50.0,crypto,completed
TXN-0244,2025-01-16T04:12:52,CUST-9007,Water Bottle,sports,3,19.99,50.0,crypto,completed
TXN-0245,2025-01-16T05:06:15,CUST-9004,Yoga Mat,sports,3,34.99,50.0,crypto,completed
TXN-0246,2025-01-16T06:46:57,CUST-1140,Novel Bestseller,books,2,14.99,29.98,credit_card,completed
TXN-0247,2025-01-16T08:17:28,CUST-9003,Wireless Headphones,electronics,3,79.99,500.0,crypto,completed
TXN-0248,2025-01-16T11:35:59,CUST-1027,Coffee Maker,home,2,69.99,139.98,credit_card,completed
TXN-0249,2025-01-16T11:35:59,CUST-1185,Yoga Mat,sports,1,34.99,34.99,debit_card,completed
TXN-0250,2025-01-16T14:05:38,CUST-1011,Programming Guide,books,1,39.99,39.99,credit_card,completed
TXN-0251,2025-01-16T14:06:51,CUST-1185,Winter Jacket,clothing,2,129.99,259.98,credit_card,completed
TXN-0252,2025-01-16T14:10:46,CUST-1091,Phone Case,electronics,1,24.99,24.99,debit_card,completed
TXN-0253,2025-01-16T16:40:20,CUST-1153,Cotton T-Shirt,clothing,2,29.99,59.98,debit_card,completed
TXN-0254,2025-01-16T16:58:54,CUST-1136,Phone Case,electronics,1,24.99,24.99,debit_card,completed
TXN-0255,2025-01-16T17:32:07,CUST-1147,USB-C Cable,electronics,1,12.99,12.99,debit_card,completed
TXN-0256,2025-01-16T19:56:53,CUST-1168,Throw Pillow,home,1,22.99,22.99,debit_card,completed
TXN-0257,2025-01-16T20:18:31,CUST-9007,Programming Guide,books,3,39.99,200.0,crypto,completed
TXN-0258,2025-01-16T20:51:34,CUST-9001,Cotton T-Shirt,clothing,3,29.99,150.0,crypto,completed
TXN-0259,2025-01-17T00:02:54,CUST-1004,Running Shoes,sports,1,89.99,89.99,credit_card,completed
TXN-0260,2025-01-17T02:01:04,CUST-9004,Programming Guide,books,3,39.99,200.0,crypto,completed
TXN-0261,2025-01-17T04:22:01,CUST-1124,USB-C Cable,electronics,1,12.99,12.99,credit_card,completed
TXN-0262,2025-01-17T04:40:52,CUST-1101,USB-C Cable,electronics,1,12.99,12.99,credit_card,completed
TXN-0263,2025-01-17T11:39:48,CUST-1128,Throw Pillow,home,1,22.99,22.99,credit_card,completed
TXN-0264,2025-01-17T12:17:11,CUST-9001,Water Bottle,sports,3,19.99,100.0,crypto,completed
TXN-0265,2025-01-17T12:26:38,CUST-1036,Desk Lamp,home,1,44.99,44.99,credit_card,completed
TXN-0266,2025-01-17T12:29:37,CUST-1142,Novel Bestseller,books,2,14.99,29.98,credit_card,completed
TXN-0267,2025-01-17T13:29:36,CUST-1015,Denim Jeans,clothing,1,59.99,59.99,credit_card,completed
TXN-0268,2025-01-17T13:36:43,CUST-1047,Phone Case,electronics,1,24.99,24.99,debit_card,completed
TXN-0269,2025-01-17T14:23:03,CUST-1159,Throw Pillow,home,2,22.99,45.98,debit_card,completed
TXN-0270,2025-01-17T15:40:15,CUST-1071,Winter Jacket,clothing,1,129.99,129.99,credit_card,completed
TXN-0271,2025-01-17T16:26:10,CUST-1052,Novel Bestseller,books,2,14.99,29.98,credit_card,completed
TXN-0272,2025-01-17T22:23:04,CUST-1145,USB-C Cable,electronics,1,12.99,12.99,debit_card,completed
TXN-0273,2025-01-18T00:24:43,CUST-9007,Phone Case,electronics,2,24.99,100.0,crypto,completed
TXN-0274,2025-01-18T02:06:49,CUST-1064,Throw Pillow,home,2,22.99,45.98,credit_card,completed
TXN-0275,2025-01-18T12:38:33,CUST-1076,Winter Jacket,clothing,1,129.99,129.99,credit_card,completed
TXN-0276,2025-01-18T12:52:14,CUST-1064,Winter Jacket,clothing,1,129.99,129.99,credit_card,completed
TXN-0277,2025-01-18T14:14:51,CUST-1104,Throw Pillow,home,1,22.99,22.99,paypal,completed
TXN-0278,2025-01-18T15:49:04,CUST-1005,Desk Lamp,home,1,44.99,44.99,credit_card,completed
TXN-0279,2025-01-18T16:35:01,CUST-1100,Cookbook,books,1,24.99,24.99,paypal,completed
TXN-0280,2025-01-18T16:35:53,CUST-1172,Novel Bestseller,books,1,14.99,14.99,credit_card,completed
TXN-0281,2025-01-18T17:50:31,CUST-9006,Programming Guide,books,3,39.99,500.0,crypto,completed
TXN-0282,2025-01-18T20:59:11,CUST-1143,Phone Case,electronics,1,24.99,24.99,credit_card,completed
TXN-0283,2025-01-18T22:26:34,CUST-1010,Novel Bestseller,books,3,14.99,44.97,paypal,completed
TXN-0284,2025-01-18T23:47:42,CUST-1051,Water Bottle,sports,1,19.99,19.99,paypal,completed
TXN-0285,2025-01-19T09:09:12,CUST-1085,Running Shoes,sports,1,89.99,89.99,credit_card,completed
TXN-0286,2025-01-19T10:08:02,CUST-1091,Denim Jeans,clothing,1,59.99,59.99,paypal,completed
TXN-0287,2025-01-19T11:19:41,CUST-1179,Throw Pillow,home,1,22.99,22.99,debit_card,completed
TXN-0288,2025-01-19T12:21:01,CUST-1127,Cookbook,books,1,24.99,24.99,debit_card,completed
TXN-0289,2025-01-19T12:25:45,CUST-1051,USB-C Cable,electronics,1,12.99,12.99,paypal,completed
TXN-0290,2025-01-19T18:25:23,CUST-1057,Phone Case,electronics,1,24.99,24.99,credit_card,completed
TXN-0291,2025-01-19T19:20:55,CUST-1161,Water Bottle,sports,1,19.99,19.99,credit_card,completed
TXN-0292,2025-01-19T21:52:20,CUST-1061,Yoga Mat,sports,2,34.99,69.98,paypal,completed
TXN-0293,2025-01-19T22:39:40,CUST-1110,Phone Case,electronics,2,24.99,49.98,credit_card,completed
TXN-0294,2025-01-20T00:35:12,CUST-1184,Throw Pillow,home,2,22.99,45.98,credit_card,completed
TXN-0295,2025-01-20T01:39:05,CUST-1108,Throw Pillow,home,1,22.99,22.99,debit_card,completed
TXN-0296,2025-01-20T01:50:40,CUST-1166,Water Bottle,sports,1,19.99,19.99,credit_card,completed
TXN-0297,2025-01-20T09:48:47,CUST-1115,Running Shoes,sports,1,89.99,89.99,credit_card,refunded
TXN-0298,2025-01-20T10:42:54,CUST-1032,Coffee Maker,home,3,69.99,209.97,debit_card,completed
TXN-0299,2025-01-20T13:22:46,CUST-1081,Cotton T-Shirt,clothing,2,29.99,59.98,debit_card,completed
TXN-0300,2025-01-20T19:46:38,CUST-1073,Novel Bestseller,books,3,14.99,44.97,credit_card,completed
TXN-0301,2025-01-20T19:50:20,CUST-1099,Wireless Headphones,electronics,1,79.99,79.99,credit_card,completed
TXN-0302,2025-01-20T21:15:31,CUST-1150,Phone Case,electronics,1,24.99,24.99,paypal,completed
TXN-0303,2025-01-20T21:50:28,CUST-1009,Phone Case,electronics,1,24.99,24.99,crypto,completed
TXN-0304,2025-01-20T22:12:30,CUST-1081,Phone Case,electronics,3,24.99,74.97,credit_card,completed
TXN-0305,2025-01-20T23:57:32,CUST-1110,Cookbook,books,3,24.99,74.97,credit_card,completed
TXN-0306,2025-01-20T23:57:38,CUST-1087,Cookbook,books,3,24.99,74.97,credit_card,completed
TXN-0307,2025-01-21T01:05:25,CUST-1098,Cotton T-Shirt,clothing,1,29.99,29.99,credit_card,completed
TXN-0308,2025-01-21T03:01:47,CUST-1071,Running Shoes,sports,1,89.99,89.99,paypal,completed
TXN-0309,2025-01-21T03:03:25,CUST-1187,Water Bottle,sports,2,19.99,39.98,credit_card,completed
TXN-0310,2025-01-21T03:53:31,CUST-1158,Cotton T-Shirt,clothing,3,29.99,89.97,credit_card,completed
TXN-0311,2025-01-21T08:50:28,CUST-1126,Running Shoes,sports,1,89.99,89.99,credit_card,completed
TXN-0312,2025-01-21T09:39:34,CUST-1024,Denim Jeans,clothing,2,59.99,119.98,debit_card,completed
TXN-0313,2025-01-21T09:50:17,CUST-1152,Wireless Headphones,electronics,1,79.99,79.99,credit_card,completed
TXN-0314,2025-01-21T11:44:15,CUST-1016,Throw Pillow,home,1,22.99,22.99,credit_card,completed
TXN-0315,2025-01-21T12:23:32,CUST-1192,Throw Pillow,home,1,22.99,22.99,credit_card,completed
TXN-0316,2025-01-21T14:09:16,CUST-1036,Running Shoes,sports,2,89.99,179.98,debit_card,completed
TXN-0317,2025-01-21T14:58:44,CUST-1078,Throw Pillow,home,1,22.99,22.99,credit_card,completed
TXN-0318,2025-01-21T15:29:48,CUST-1145,Novel Bestseller,books,1,14.99,14.99,paypal,completed
TXN-0319,2025-01-21T20:43:41,CUST-1017,Yoga Mat,sports,2,34.99,69.98,paypal,refunded
TXN-0320,2025-01-21T21:21:16,CUST-1196,Cookbook,books,1,24.99,24.99,paypal,completed
TXN-0321,2025-01-21T22:00:57,CUST-1193,Cookbook,books,2,24.99,49.98,credit_card,completed
TXN-0322,2025-01-21T23:41:26,CUST-1096,Programming Guide,books,1,39.99,39.99,credit_card,completed
TXN-0323,2025-01-22T00:05:41,CUST-1110,Phone Case,electronics,2,24.99,49.98,credit_card,completed
TXN-0324,2025-01-22T01:48:00,CUST-1106,Phone Case,electronics,2,24.99,49.98,credit_card,completed
TXN-0325,2025-01-22T03:11:08,CUST-1123,Water Bottle,sports,3,19.99,59.97,credit_card,completed
TXN-0326,2025-01-22T03:26:22,CUST-1171,Novel Bestseller,books,1,14.99,14.99,paypal,completed
TXN-0327,2025-01-22T04:04:33,CUST-1145,Wireless Headphones,electronics,2,79.99,159.98,credit_card,completed
TXN-0328,2025-01-22T04:20:07,CUST-1062,Yoga Mat,sports,1,34.99,34.99,credit_card,completed
TXN-0329,2025-01-22T06:48:15,CUST-1175,Novel Bestseller,books,1,14.99,14.99,credit_card,completed
TXN-0330,2025-01-22T09:13:33,CUST-1156,Denim Jeans,clothing,1,59.99,59.99,credit_card,completed
TXN-0331,2025-01-22T09:52:45,CUST-1179,Desk Lamp,home,1,44.99,44.99,credit_card,completed
TXN-0332,2025-01-22T10:00:27,CUST-8009,USB-C Cable,electronics,1,12.99,12.99,credit_card,refunded
TXN-0333,2025-01-22T10:05:30,CUST-8013,USB-C Cable,electronics,1,12.99,12.99,credit_card,completed
TXN-0334,2025-01-22T10:10:03,CUST-8002,USB-C Cable,electronics,1,12.99,12.99,debit_card,refunded
TXN-0335,2025-01-22T10:10:38,CUST-8001,USB-C Cable,electronics,1,12.99,12.99,credit_card,completed
TXN-0336,2025-01-22T10:13:10,CUST-8012,USB-C Cable,electronics,1,12.99,12.99,debit_card,completed
TXN-0337,2025-01-22T10:13:12,CUST-8003,USB-C Cable,electronics,1,12.99,12.99,credit_card,completed
TXN-0338,2025-01-22T10:19:15,CUST-8006,USB-C Cable,electronics,1,12.99,12.99,debit_card,refunded
TXN-0339,2025-01-22T10:25:36,CUST-8007,USB-C Cable,electronics,1,12.99,12.99,credit_card,completed
TXN-0340,2025-01-22T10:30:12,CUST-8011,USB-C Cable,electronics,1,12.99,12.99,credit_card,refunded
TXN-0341,2025-01-22T10:31:09,CUST-8008,USB-C Cable,electronics,1,12.99,12.99,debit_card,refunded
TXN-0342,2025-01-22T10:34:16,CUST-8005,USB-C Cable,electronics,1,12.99,12.99,credit_card,completed
TXN-0343,2025-01-22T10:35:46,CUST-8004,USB-C Cable,electronics,1,12.99,12.99,debit_card,completed
TXN-0344,2025-01-22T10:52:42,CUST-8010,USB-C Cable,electronics,1,12.99,12.99,debit_card,completed
TXN-0345,2025-01-22T11:03:09,CUST-8021,USB-C Cable,electronics,1,12.99,12.99,credit_card,completed
TXN-0346,2025-01-22T11:03:53,CUST-8025,USB-C Cable,electronics,1,12.99,12.99,credit_card,refunded
TXN-0347,2025-01-22T11:05:41,CUST-8016,USB-C Cable,electronics,1,12.99,12.99,debit_card,completed
TXN-0348,2025-01-22T11:11:23,CUST-8017,USB-C Cable,electronics,1,12.99,12.99,credit_card,completed
TXN-0349,2025-01-22T11:14:53,CUST-8020,USB-C Cable,electronics,1,12.99,12.99,debit_card,refunded
TXN-0350,2025-01-22T11:16:28,CUST-8019,USB-C Cable,electronics,1,12.99,12.99,credit_card,completed
TXN-0351,2025-01-22T11:19:50,CUST-8014,USB-C Cable,electronics,1,12.99,12.99,debit_card,refunded
TXN-0352,2025-01-22T11:22:51,CUST-8023,USB-C Cable,electronics,1,12.99,12.99,credit_card,completed
TXN-0353,2025-01-22T11:23:11,CUST-8018,USB-C Cable,electronics,1,12.99,12.99,debit_card,completed
TXN-0354,2025-01-22T11:31:57,CUST-8015,USB-C Cable,electronics,1,12.99,12.99,credit_card,completed
TXN-0355,2025-01-22T11:42:06,CUST-8022,USB-C Cable,electronics,1,12.99,12.99,debit_card,refunded
TXN-0356,2025-01-22T11:48:37,CUST-8024,USB-C Cable,electronics,1,12.99,12.99,debit_card,refunded
TXN-0357,2025-01-22T15:01:00,CUST-1137,Denim Jeans,clothing,1,59.99,59.99,credit_card,completed
TXN-0358,2025-01-22T16:59:57,CUST-1181,Novel Bestseller,books,1,14.99,14.99,credit_card,completed
TXN-0359,2025-01-22T17:13:30,CUST-1054,Cookbook,books,3,24.99,74.97,credit_card,refunded
TXN-0360,2025-01-22T17:19:59,CUST-1170,USB-C Cable,electronics,3,12.99,38.97,credit_card,completed
TXN-0361,2025-01-22T18:42:24,CUST-1022,Novel Bestseller,books,2,14.99,29.98,credit_card,completed
TXN-0362,2025-01-22T20:09:31,CUST-1010,Phone Case,electronics,1,24.99,24.99,debit_card,completed
TXN-0363,2025-01-22T20:51:44,CUST-1068,Desk Lamp,home,1,44.99,44.99,credit_card,completed
TXN-0364,2025-01-22T21:55:34,CUST-1035,Throw Pillow,home,2,22.99,45.98,credit_card,completed
TXN-0365,2025-01-22T23:42:47,CUST-1045,USB-C Cable,electronics,1,12.99,12.99,credit_card,completed
TXN-0366,2025-01-22T23:43:16,CUST-1150,Cotton T-Shirt,clothing,2,29.99,59.98,credit_card,completed
TXN-0367,2025-01-23T01:15:47,CUST-1012,Cotton T-Shirt,clothing,1,29.99,29.99,debit_card,completed
TXN-0368,2025-01-23T02:22:59,CUST-1114,Throw Pillow,home,1,22.99,22.99,debit_card,completed
TXN-0369,2025-01-23T02:34:03,CUST-1018,Programming Guide,books,1,39.99,39.99,credit_card,completed
TXN-0370,2025-01-23T03:54:41,CUST-1167,Programming Guide,books,2,39.99,79.98,paypal,completed
TXN-0371,2025-01-23T04:33:13,CUST-1144,Water Bottle,sports,3,19.99,59.97,debit_card,completed
TXN-0372,2025-01-23T04:45:13,CUST-1017,Cotton T-Shirt,clothing,1,29.99,29.99,debit_card,completed
TXN-0373,2025-01-23T04:56:41,CUST-1078,Phone Case,electronics,2,24.99,49.98,credit_card,completed
TXN-0374,2025-01-23T05:00:47,CUST-1087,Novel Bestseller,books,1,14.99,14.99,paypal,completed
TXN-0375,2025-01-23T05:05:31,CUST-1112,Throw Pillow,home,2,22.99,45.98,debit_card,refunded
TXN-0376,2025-01-23T06:45:19,CUST-1103,Throw Pillow,home,2,22.99,45.98,credit_card,completed
TXN-0377,2025-01-23T07:22:25,CUST-1132,Wireless Headphones,electronics,2,79.99,159.98,credit_card,completed
TXN-0378,2025-01-23T07:22:33,CUST-1073,Cookbook,books,1,24.99,24.99,credit_card,completed
TXN-0379,2025-01-23T08:26:53,CUST-1124,Winter Jacket,clothing,1,129.99,129.99,debit_card,completed
TXN-0380,2025-01-23T09:01:53,CUST-1169,Cotton T-Shirt,clothing,1,29.99,29.99,debit_card,completed
TXN-0381,2025-01-23T09:54:43,CUST-1154,Novel Bestseller,books,1,14.99,14.99,debit_card,completed
TXN-0382,2025-01-23T10:46:55,CUST-1089,Cotton T-Shirt,clothing,1,29.99,29.99,credit_card,completed
TXN-0383,2025-01-23T13:50:24,CUST-1019,Winter Jacket,clothing,3,129.99,389.97,debit_card,completed
TXN-0384,2025-01-23T14:04:43,CUST-1060,Programming Guide,books,1,39.99,39.99,paypal,completed
TXN-0385,2025-01-23T15:06:43,CUST-1198,Phone Case,electronics,1,24.99,24.99,debit_card,refunded
TXN-0386,2025-01-23T18:14:28,CUST-1096,Cotton T-Shirt,clothing,1,29.99,29.99,paypal,completed
TXN-0387,2025-01-23T20:26:18,CUST-1030,Cotton T-Shirt,clothing,1,29.99,29.99,credit_card,completed
TXN-0388,2025-01-23T20:31:36,CUST-1063,Water Bottle,sports,1,19.99,19.99,credit_card,completed
TXN-0389,2025-01-23T23:05:32,CUST-1191,Water Bottle,sports,1,19.99,19.99,credit_card,completed
TXN-0390,2025-01-23T23:50:35,CUST-1170,Coffee Maker,home,1,69.99,69.99,credit_card,completed
TXN-0391,2025-01-24T04:59:59,CUST-1061,Cookbook,books,1,24.99,24.99,credit_card,completed
TXN-0392,2025-01-24T06:40:47,CUST-1039,Programming Guide,books,1,39.99,39.99,paypal,completed
TXN-0393,2025-01-24T10:20:28,CUST-1070,Running Shoes,sports,1,89.99,89.99,credit_card,completed
TXN-0394,2025-01-24T13:31:35,CUST-1195,Running Shoes,sports,2,89.99,179.98,paypal,completed
TXN-0395,2025-01-24T14:45:13,CUST-1113,Novel Bestseller,books,1,14.99,14.99,paypal,completed
TXN-0396,2025-01-24T15:28:16,CUST-1193,Running Shoes,sports,2,89.99,179.98,credit_card,completed
TXN-0397,2025-01-24T17:05:37,CUST-1109,Wireless Headphones,electronics,1,79.99,79.99,credit_card,completed
TXN-0398,2025-01-24T17:57:15,CUST-1147,Denim Jeans,clothing,1,59.99,59.99,credit_card,completed
TXN-0399,2025-01-24T19:23:26,CUST-1180,Denim Jeans,clothing,3,59.99,179.97,crypto,completed
TXN-0400,2025-01-24T19:33:27,CUST-1029,Novel Bestseller,books,1,14.99,14.99,credit_card,completed
TXN-0401,2025-01-24T19:49:53,CUST-1098,Phone Case,electronics,2,24.99,49.98,credit_card,completed
TXN-0402,2025-01-24T21:43:53,CUST-1036,Throw Pillow,home,1,22.99,22.99,paypal,completed
TXN-0403,2025-01-24T22:07:49,CUST-1042,Yoga Mat,sports,1,34.99,34.99,credit_card,completed
TXN-0404,2025-01-25T01:58:38,CUST-1191,Winter Jacket,clothing,2,129.99,259.98,credit_card,completed
TXN-0405,2025-01-25T04:06:10,CUST-1116,Winter Jacket,clothing,1,129.99,129.99,credit_card,completed
TXN-0406,2025-01-25T06:13:47,CUST-1124,Yoga Mat,sports,2,34.99,69.98,crypto,completed
TXN-0407,2025-01-25T11:27:07,CUST-1073,Throw Pillow,home,2,22.99,45.98,debit_card,completed
TXN-0408,2025-01-25T12:31:09,CUST-1148,Throw Pillow,home,1,22.99,22.99,credit_card,completed
TXN-0409,2025-01-25T16:52:00,CUST-1169,Cookbook,books,1,24.99,24.99,credit_card,completed
TXN-0410,2025-01-25T18:13:52,CUST-1060,Water Bottle,sports,2,19.99,39.98,debit_card,completed
TXN-0411,2025-01-25T19:50:39,CUST-1058,Novel Bestseller,books,1,14.99,14.99,credit_card,completed
TXN-0412,2025-01-25T22:30:40,CUST-1047,Novel Bestseller,books,1,14.99,14.99,paypal,completed
TXN-0413,2025-01-26T06:20:38,CUST-1122,Denim Jeans,clothing,1,59.99,59.99,credit_card,completed
TXN-0414,2025-01-26T06:23:43,CUST-1147,Winter Jacket,clothing,1,129.99,129.99,credit_card,completed
TXN-0415,2025-01-26T10:39:44,CUST-1102,Throw Pillow,home,1,22.99,22.99,credit_card,completed
TXN-0416,2025-01-26T10:45:05,CUST-1130,Throw Pillow,home,1,22.99,22.99,credit_card,completed
TXN-0417,2025-01-26T13:07:34,CUST-1058,Throw Pillow,home,1,22.99,22.99,credit_card,completed
TXN-0418,2025-01-26T17:23:48,CUST-1037,Running Shoes,sports,2,89.99,179.98,credit_card,completed
TXN-0419,2025-01-26T17:49:52,CUST-1160,Desk Lamp,home,2,44.99,89.98,debit_card,completed
TXN-0420,2025-01-26T18:20:01,CUST-1045,Yoga Mat,sports,1,34.99,34.99,paypal,completed
TXN-0421,2025-01-26T18:36:14,CUST-1185,Wireless Headphones,electronics,1,79.99,79.99,credit_card,completed
TXN-0422,2025-01-26T23:28:02,CUST-1106,Water Bottle,sports,2,19.99,39.98,credit_card,refunded
TXN-0423,2025-01-27T00:23:21,CUST-1173,USB-C Cable,electronics,3,12.99,38.97,debit_card,completed
TXN-0424,2025-01-27T01:14:52,CUST-1009,Novel Bestseller,books,1,14.99,14.99,credit_card,completed
TXN-0425,2025-01-27T03:29:07,CUST-1166,Cookbook,books,1,24.99,24.99,paypal,completed
TXN-0426,2025-01-27T05:34:18,CUST-1083,USB-C Cable,electronics,1,12.99,12.99,paypal,completed
TXN-0427,2025-01-27T12:43:57,CUST-1139,Water Bottle,sports,1,19.99,19.99,paypal,completed
TXN-0428,2025-01-27T14:01:07,CUST-1041,Winter Jacket,clothing,1,129.99,129.99,credit_card,completed
TXN-0429,2025-01-27T14:39:03,CUST-1092,Wireless Headphones,electronics,1,79.99,79.99,credit_card,completed
TXN-0430,2025-01-27T14:58:08,CUST-1160,Denim Jeans,clothing,1,59.99,59.99,credit_card,completed
TXN-0431,2025-01-27T17:17:59,CUST-1144,Coffee Maker,home,1,69.99,69.99,credit_card,completed
TXN-0432,2025-01-27T17:40:37,CUST-1047,Novel Bestseller,books,3,14.99,44.97,credit_card,completed
TXN-0433,2025-01-27T18:37:42,CUST-1126,Cookbook,books,1,24.99,24.99,debit_card,completed
TXN-0434,2025-01-27T20:48:15,CUST-1077,Cookbook,books,3,24.99,74.97,credit_card,completed
TXN-0435,2025-01-27T23:43:58,CUST-1135,USB-C Cable,electronics,2,12.99,25.98,credit_card,completed
TXN-0436,2025-01-28T00:36:18,CUST-1121,Winter Jacket,clothing,1,129.99,129.99,credit_card,refunded
TXN-0437,2025-01-28T00:48:51,CUST-1041,Coffee Maker,home,1,69.99,69.99,credit_card,completed
TXN-0438,2025-01-28T01:08:32,CUST-1075,Running Shoes,sports,2,89.99,179.98,paypal,completed
TXN-0439,2025-01-28T01:53:07,CUST-1133,Phone Case,electronics,1,24.99,24.99,credit_card,completed
TXN-0440,2025-01-28T02:28:55,CUST-1031,Novel Bestseller,books,2,14.99,29.98,credit_card,completed
TXN-0441,2025-01-28T03:09:40,CUST-1041,Novel Bestseller,books,2,14.99,29.98,debit_card,completed
TXN-0442,2025-01-28T04:08:34,CUST-1065,Novel Bestseller,books,1,14.99,14.99,paypal,completed
TXN-0443,2025-01-28T07:53:59,CUST-1023,Yoga Mat,sports,2,34.99,69.98,credit_card,completed
TXN-0444,2025-01-28T09:49:54,CUST-1080,Water Bottle,sports,1,19.99,19.99,credit_card,completed
TXN-0445,2025-01-28T10:28:21,CUST-1111,Cookbook,books,2,24.99,49.98,paypal,refunded
TXN-0446,2025-01-28T11:36:12,CUST-1181,USB-C Cable,electronics,1,12.99,12.99,credit_card,completed
TXN-0447,2025-01-28T11:39:27,CUST-1071,Throw Pillow,home,3,22.99,68.97,credit_card,completed
TXN-0448,2025-01-28T13:43:31,CUST-1036,Throw Pillow,home,1,22.99,22.99,credit_card,completed
TXN-0449,2025-01-28T15:50:21,CUST-1175,Novel Bestseller,books,1,14.99,14.99,credit_card,completed
TXN-0450,2025-01-28T16:57:43,CUST-1025,Phone Case,electronics,3,24.99,74.97,credit_card,completed
TXN-0451,2025-01-28T17:11:23,CUST-1084,Running Shoes,sports,1,89.99,89.99,credit_card,completed
TXN-0452,2025-01-28T17:24:20,CUST-1161,Coffee Maker,home,2,69.99,139.98,debit_card,completed
TXN-0453,2025-01-28T18:10:23,CUST-1041,Yoga Mat,sports,2,34.99,69.98,debit_card,completed
TXN-0454,2025-01-28T19:26:15,CUST-1041,Cookbook,books,1,24.99,24.99,debit_card,completed
TXN-0455,2025-01-29T00:02:20,CUST-1015,Yoga Mat,sports,1,34.99,34.99,credit_card,completed
TXN-0456,2025-01-29T00:15:13,CUST-1018,USB-C Cable,electronics,1,12.99,12.99,credit_card,completed
TXN-0457,2025-01-29T00:23:59,CUST-1082,Phone Case,electronics,1,24.99,24.99,debit_card,completed
TXN-0458,2025-01-29T02:04:19,CUST-1102,Coffee Maker,home,2,69.99,139.98,debit_card,completed
TXN-0459,2025-01-29T03:47:35,CUST-1040,Yoga Mat,sports,1,34.99,34.99,credit_card,completed
TXN-0460,2025-01-29T09:08:24,CUST-1199,Cookbook,books,2,24.99,49.98,credit_card,completed
TXN-0461,2025-01-29T11:22:46,CUST-1166,Cookbook,books,1,24.99,24.99,credit_card,completed
TXN-0462,2025-01-29T11:59:01,CUST-1107,Wireless Headphones,electronics,1,79.99,79.99,credit_card,completed
TXN-0463,2025-01-29T16:08:20,CUST-1157,Water Bottle,sports,1,19.99,19.99,debit_card,completed
TXN-0464,2025-01-29T16:26:44,CUST-1096,Winter Jacket,clothing,3,129.99,389.97,credit_card,completed
TXN-0465,2025-01-29T18:12:16,CUST-1012,Coffee Maker,home,1,69.99,69.99,debit_card,completed
TXN-0466,2025-01-29T18:24:30,CUST-1002,Water Bottle,sports,1,19.99,19.99,credit_card,completed
TXN-0467,2025-01-29T18:36:30,CUST-1063,Novel Bestseller,books,1,14.99,14.99,credit_card,completed
TXN-0468,2025-01-29T23:48:07,CUST-1009,Novel Bestseller,books,2,14.99,29.98,debit_card,completed
TXN-0469,2025-01-29T23:55:44,CUST-1162,Wireless Headphones,electronics,1,79.99,79.99,credit_card,refunded
TXN-0470,2025-01-30T01:50:25,CUST-1130,Yoga Mat,sports,2,34.99,69.98,debit_card,completed
TXN-0471,2025-01-30T03:55:40,CUST-1077,Cookbook,books,2,24.99,49.98,debit_card,completed
TXN-0472,2025-01-30T05:06:58,CUST-1025,Denim Jeans,clothing,1,59.99,59.99,credit_card,completed
TXN-0473,2025-01-30T10:22:00,CUST-1047,Cookbook,books,1,24.99,24.99,paypal,completed
TXN-0474,2025-01-30T11:29:31,CUST-1084,Desk Lamp,home,1,44.99,44.99,crypto,completed
TXN-0475,2025-01-30T17:41:03,CUST-1135,Wireless Headphones,electronics,2,79.99,159.98,credit_card,completed
TXN-0476,2025-01-30T18:12:37,CUST-1140,Phone Case,electronics,2,24.99,49.98,debit_card,completed
TXN-0477,2025-01-30T18:56:45,CUST-1081,Running Shoes,sports,2,89.99,179.98,credit_card,completed
TXN-0478,2025-01-30T21:53:44,CUST-1069,Wireless Headphones,electronics,1,79.99,79.99,paypal,completed
TXN-0479,2025-01-30T22:40:11,CUST-1093,Denim Jeans,clothing,1,59.99,59.99,credit_card,completed
TXN-0480,2025-01-31T01:35:51,CUST-1183,Coffee Maker,home,2,69.99,139.98,credit_card,completed
TXN-0481,2025-01-31T01:37:47,CUST-1139,Wireless Headphones,electronics,2,79.99,159.98,credit_card,completed
TXN-0482,2025-01-31T04:15:18,CUST-1067,Cookbook,books,1,24.99,24.99,credit_card,completed
TXN-0483,2025-01-31T06:28:19,CUST-1119,Yoga Mat,sports,2,34.99,69.98,credit_card,completed
TXN-0484,2025-01-31T07:12:53,CUST-1006,Desk Lamp,home,1,44.99,44.99,credit_card,completed
TXN-0485,2025-01-31T09:23:39,CUST-1057,Running Shoes,sports,3,89.99,269.97,debit_card,completed
TXN-0486,2025-01-31T10:06:05,CUST-1098,USB-C Cable,electronics,1,12.99,12.99,credit_card,completed
TXN-0487,2025-01-31T11:14:41,CUST-1018,Novel Bestseller,books,3,14.99,44.97,credit_card,completed
TXN-0488,2025-01-31T11:37:19,CUST-1164,Cotton T-Shirt,clothing,2,29.99,59.98,credit_card,completed
TXN-0489,2025-01-31T12:32:29,CUST-1062,Running Shoes,sports,1,89.99,89.99,credit_card,completed
TXN-0490,2025-01-31T13:16:53,CUST-1021,Winter Jacket,clothing,1,129.99,129.99,debit_card,completed
TXN-0491,2025-01-31T13:20:50,CUST-1036,Running Shoes,sports,1,89.99,89.99,credit_card,completed
TXN-0492,2025-01-31T13:34:47,CUST-1189,Denim Jeans,clothing,2,59.99,119.98,credit_card,completed
TXN-0493,2025-01-31T13:35:33,CUST-1035,Cotton T-Shirt,clothing,1,29.99,29.99,credit_card,completed
TXN-0494,2025-01-31T17:23:05,CUST-1102,Wireless Headphones,electronics,1,79.99,79.99,credit_card,completed
TXN-0495,2025-01-31T17:32:41,CUST-1127,Cotton T-Shirt,clothing,2,29.99,59.98,credit_card,completed
TXN-0496,2025-01-31T19:02:46,CUST-1169,Denim Jeans,clothing,1,59.99,59.99,paypal,refunded
TXN-0497,2025-01-31T19:29:53,CUST-1177,Programming Guide,books,1,39.99,39.99,credit_card,completed
TXN-0498,2025-01-31T20:17:39,CUST-1138,Novel Bestseller,books,1,14.99,14.99,credit_card,completed
TXN-0499,2025-01-31T22:07:12,CUST-1005,Winter Jacket,clothing,1,129.99,129.99,credit_card,completed
TXN-0500,2025-01-31T23:09:22,CUST-1080,Water Bottle,sports,1,19.99,19.99,credit_card,completed
